{
 "brier": {
  "Uncalibrated": 0.0788,
  "Platt": 0.0787,
  "Isotonic": 0.0787
 },
 "auc": {
  "Uncalibrated": 0.6552,
  "Platt": 0.6619,
  "Isotonic": 0.6627
 },
 "reliability": {
  "Uncalibrated": {
   "mean_pred": [
    0.0407,
    0.0527,
    0.0601,
    0.0666,
    0.0732,
    0.0798,
    0.0883,
    0.101,
    0.1224,
    0.2076
   ],
   "frac_pos": [
    0.0429,
    0.05,
    0.0564,
    0.0693,
    0.0686,
    0.0686,
    0.0851,
    0.1029,
    0.125,
    0.2293
   ]
  },
  "Platt": {
   "mean_pred": [
    0.0412,
    0.0524,
    0.06,
    0.0666,
    0.0733,
    0.0803,
    0.0892,
    0.1024,
    0.1245,
    0.2034
   ],
   "frac_pos": [
    0.0329,
    0.0543,
    0.0529,
    0.0643,
    0.075,
    0.0729,
    0.0922,
    0.1014,
    0.1179,
    0.2343
   ]
  },
  "Isotonic": {
   "mean_pred": [
    0.0383,
    0.0503,
    0.0581,
    0.0642,
    0.0708,
    0.0789,
    0.0918,
    0.1081,
    0.1266,
    0.2056
   ],
   "frac_pos": [
    0.03,
    0.0536,
    0.0496,
    0.066,
    0.0844,
    0.0687,
    0.0836,
    0.1053,
    0.1314,
    0.2257
   ]
  }
 },
 "dca": {
  "pt": [
   0.02,
   0.03,
   0.04,
   0.05,
   0.06,
   0.07,
   0.08,
   0.09,
   0.1,
   0.11,
   0.12,
   0.13,
   0.14,
   0.15,
   0.16,
   0.17,
   0.18,
   0.19,
   0.2,
   0.21,
   0.22,
   0.23,
   0.24,
   0.25,
   0.26,
   0.27,
   0.28,
   0.29,
   0.3,
   0.31,
   0.32,
   0.33,
   0.34,
   0.35,
   0.36,
   0.37,
   0.38,
   0.39,
   0.4,
   0.41,
   0.42,
   0.43,
   0.44,
   0.45,
   0.46,
   0.47,
   0.48,
   0.49,
   0.5
  ],
  "net_benefit_model": [
   0.07105,
   0.06154,
   0.05227,
   0.04368,
   0.03608,
   0.02921,
   0.02407,
   0.02071,
   0.01812,
   0.01499,
   0.01332,
   0.01152,
   0.00988,
   0.00919,
   0.00794,
   0.00648,
   0.0058,
   0.00509,
   0.00445,
   0.00405,
   0.00367,
   0.00284,
   0.00242,
   0.00169,
   0.00136,
   0.00105,
   0.001,
   0.00082,
   0.00068,
   6e-05,
   -0.00019,
   -0.00024,
   -0.0005,
   -0.00052,
   -0.00021,
   -0.00011,
   0.0,
   -4e-05,
   -0.00019,
   -6e-05,
   -4e-05,
   -0.00011,
   -5e-05,
   0.00016,
   0.00027,
   0.00018,
   0.00017,
   9e-05,
   7e-05
  ],
  "net_benefit_all": [
   0.07122,
   0.06165,
   0.05187,
   0.04189,
   0.0317,
   0.02129,
   0.01065,
   -0.00022,
   -0.01133,
   -0.0227,
   -0.03432,
   -0.04621,
   -0.05837,
   -0.07083,
   -0.08357,
   -0.09663,
   -0.11,
   -0.12371,
   -0.13775,
   -0.15215,
   -0.16692,
   -0.18208,
   -0.19763,
   -0.2136,
   -0.23,
   -0.24685,
   -0.26417,
   -0.28197,
   -0.30029,
   -0.31913,
   -0.33853,
   -0.35851,
   -0.37909,
   -0.40031,
   -0.42219,
   -0.44476,
   -0.46807,
   -0.49213,
   -0.517,
   -0.54271,
   -0.56931,
   -0.59684,
   -0.62536,
   -0.65491,
   -0.68556,
   -0.71736,
   -0.75039,
   -0.78471,
   -0.8204
  ],
  "prevalence": 0.0898,
  "model_best_range": [
   0.04,
   0.5
  ]
 }
}